{
  "installed": {
    "client_id": "636134715371-uev2m07sfj9vni95a6o5a2m2hk15lch0.apps.googleusercontent.com",
    "project_id": "chengminproject-1535544581548",
    "auth_uri": "https://accounts.google.com/o/oauth2/auth",
    "token_uri": "https://www.googleapis.com/oauth2/v3/token",
    "auth_provider_x509_cert_url": "https://www.googleapis.com/oauth2/v1/certs",
    "client_secret": "zhpJEa_GgNieumQ1Zp_bBxXa",
    "redirect_uris": [
      "urn:ietf:wg:oauth:2.0:oob",
      "http://localhost"
    ]
  }
}