{"_module": "oauth2client.client", "scopes": ["https://www.googleapis.com/auth/spreadsheets"], "token_expiry": "2018-09-02T16:28:57Z", "id_token": null, "user_agent": null, "access_token": "ya29.GlwMBj7UsPsmX67aKaezIZL9DVf_K78OsZHEMkB8dHWW9CZymNeUtETwzHrHQV7L6RMTAkLhcR6r5ffykVtPB8VapTtYAtE545dSMbvyvIJMDmGhrUE-fkOtgcBGtw", "token_uri": "https://www.googleapis.com/oauth2/v3/token", "invalid": false, "token_response": {"access_token": "ya29.GlwMBj7UsPsmX67aKaezIZL9DVf_K78OsZHEMkB8dHWW9CZymNeUtETwzHrHQV7L6RMTAkLhcR6r5ffykVtPB8VapTtYAtE545dSMbvyvIJMDmGhrUE-fkOtgcBGtw", "scope": "https://www.googleapis.com/auth/spreadsheets", "expires_in": 3600, "token_type": "Bearer"}, "client_id": "636134715371-uev2m07sfj9vni95a6o5a2m2hk15lch0.apps.googleusercontent.com", "token_info_uri": "https://www.googleapis.com/oauth2/v3/tokeninfo", "client_secret": "zhpJEa_GgNieumQ1Zp_bBxXa", "revoke_uri": "https://accounts.google.com/o/oauth2/revoke", "_class": "OAuth2Credentials", "refresh_token": "1/d01ZddkUgHPodFKXMoDUpxGMA5JNIdCN6fFoSSoBBww", "id_token_jwt": null}